# timestamp,index,temperature.gpu,clocks.sm,clocks.mem,power.draw,utilization.gpu,memory.used,clocks_event_reasons.active
2026/08/29 09:51:22.050, 0, 38, 210, 405, 31.45, 0, 237, 0x0000000000000001
2026/08/29 09:51:22.054, 1, 43, 210, 405, 18.03, 0, 18, 0x0000000000000001
2026/08/29 09:52:22.081, 0, 47, 2820, 10251, 275.98, 100, 20577, 0x0000000000000000
2026/08/29 09:52:22.086, 1, 57, 2805, 10251, 269.11, 100, 20358, 0x0000000000000000
2026/08/29 09:53:22.119, 0, 51, 2805, 10251, 280.80, 100, 20577, 0x0000000000000000
2026/08/29 09:53:22.123, 1, 58, 2820, 10251, 272.06, 100, 20358, 0x0000000000000000
2026/08/29 09:54:22.154, 0, 53, 2805, 10251, 287.25, 100, 20597, 0x0000000000000000
2026/08/29 09:54:22.157, 1, 57, 2820, 10251, 276.05, 100, 20378, 0x0000000000000000
2026/08/29 09:55:22.185, 0, 45, 2820, 10251, 150.55, 32, 19947, 0x0000000000000000
2026/08/29 09:55:22.188, 1, 47, 2820, 10251, 124.95, 37, 19728, 0x0000000000000000
2026/08/29 09:56:22.218, 0, 53, 2805, 10251, 282.11, 100, 20577, 0x0000000000000000
2026/08/29 09:56:22.223, 1, 56, 2820, 10251, 268.14, 100, 20358, 0x0000000000000000
2026/08/29 09:57:22.253, 0, 55, 2805, 10251, 292.58, 100, 20577, 0x0000000000000000
2026/08/29 09:57:22.257, 1, 59, 2805, 10251, 280.39, 100, 20358, 0x0000000000000000
2026/08/29 09:58:22.285, 0, 47, 390, 810, 66.77, 0, 237, 0x0000000000000001
2026/08/29 09:58:22.288, 1, 48, 405, 5001, 45.08, 0, 18, 0x0000000000000001
2026/08/29 09:59:22.317, 0, 55, 2805, 10251, 281.60, 100, 16977, 0x0000000000000000
2026/08/29 09:59:22.320, 1, 57, 2820, 10251, 265.25, 100, 16758, 0x0000000000000000
2026/08/29 10:00:22.349, 0, 58, 2805, 10251, 309.58, 100, 16977, 0x0000000000000000
2026/08/29 10:00:22.353, 1, 61, 2805, 10251, 296.93, 100, 16758, 0x0000000000000000
2026/08/29 10:01:22.382, 0, 58, 2805, 10251, 292.64, 100, 16977, 0x0000000000000000
2026/08/29 10:01:22.386, 1, 60, 2805, 10251, 277.86, 100, 16758, 0x0000000000000000
2026/08/29 10:02:22.428, 0, 48, 210, 405, 43.51, 0, 237, 0x0000000000000001
2026/08/29 10:02:22.432, 1, 48, 210, 810, 25.24, 0, 18, 0x0000000000000001
2026/08/29 10:03:22.459, 0, 56, 2805, 10251, 279.48, 100, 20577, 0x0000000000000000
2026/08/29 10:03:22.463, 1, 59, 2820, 10251, 264.42, 100, 20358, 0x0000000000000000
2026/08/29 10:04:22.490, 0, 57, 2805, 10251, 284.39, 100, 20577, 0x0000000000000000
2026/08/29 10:04:22.494, 1, 59, 2805, 10251, 272.04, 100, 20358, 0x0000000000000000
2026/08/29 10:05:22.523, 0, 57, 2805, 10251, 285.42, 100, 20597, 0x0000000000000000
2026/08/29 10:05:22.527, 1, 60, 2805, 10251, 273.26, 100, 20378, 0x0000000000000000
2026/08/29 10:06:22.571, 0, 47, 2625, 10251, 82.85, 0, 16957, 0x0000000000000000
2026/08/29 10:06:22.577, 1, 46, 2610, 10251, 59.43, 0, 16738, 0x0000000000000000
2026/08/29 10:07:22.604, 0, 57, 2805, 10251, 287.32, 100, 16977, 0x0000000000000000
2026/08/29 10:07:22.608, 1, 58, 2820, 10251, 273.11, 100, 16758, 0x0000000000000000
2026/08/29 10:08:22.638, 0, 60, 2805, 10251, 291.76, 100, 16977, 0x0000000000000000
2026/08/29 10:08:22.641, 1, 64, 2805, 10251, 277.58, 100, 16758, 0x0000000000000000
2026/08/29 10:09:22.667, 0, 62, 2790, 10251, 293.65, 100, 16977, 0x0000000000000000
2026/08/29 10:09:22.670, 1, 62, 2805, 10251, 276.07, 100, 16758, 0x0000000000000000
2026/08/29 10:10:22.698, 0, 57, 2805, 10251, 282.46, 100, 20577, 0x0000000000000000
2026/08/29 10:10:22.702, 1, 58, 2820, 10251, 266.19, 100, 20358, 0x0000000000000000
2026/08/29 10:11:22.729, 0, 57, 2805, 10251, 279.93, 100, 20577, 0x0000000000000000
2026/08/29 10:11:22.732, 1, 58, 2820, 10251, 267.22, 100, 20358, 0x0000000000000000
2026/08/29 10:12:22.767, 0, 51, 2805, 10251, 123.89, 0, 20577, 0x0000000000000000
2026/08/29 10:12:22.773, 1, 52, 2820, 10251, 94.10, 0, 20358, 0x0000000000000000
2026/08/29 10:13:22.801, 0, 48, 210, 405, 40.54, 0, 237, 0x0000000000000001
2026/08/29 10:13:22.804, 1, 46, 210, 405, 18.92, 0, 18, 0x0000000000000001
2026/08/29 10:14:22.830, 0, 56, 2805, 10251, 285.73, 100, 16977, 0x0000000000000000
2026/08/29 10:14:22.834, 1, 58, 2805, 10251, 272.03, 100, 16758, 0x0000000000000000
2026/08/29 10:15:22.861, 0, 60, 2805, 10251, 295.97, 100, 16977, 0x0000000000000000
2026/08/29 10:15:22.866, 1, 63, 2805, 10251, 281.58, 100, 16758, 0x0000000000000000
2026/08/29 10:16:22.894, 0, 58, 2790, 10251, 296.09, 100, 16977, 0x0000000000000000
2026/08/29 10:16:22.897, 1, 60, 2805, 10251, 283.29, 100, 16758, 0x0000000000000000
2026/08/29 10:17:22.924, 0, 52, 2805, 10251, 114.61, 0, 10409, 0x0000000000000000
2026/08/29 10:17:22.927, 1, 52, 2820, 10251, 91.30, 97, 10190, 0x0000000000000000
2026/08/29 10:18:22.953, 0, 51, 2805, 10251, 251.45, 100, 20577, 0x0000000000000000
2026/08/29 10:18:22.955, 1, 52, 2820, 10251, 157.48, 0, 20358, 0x0000000000000000
2026/08/29 10:19:22.981, 0, 60, 2805, 10251, 290.94, 100, 20577, 0x0000000000000000
2026/08/29 10:19:22.985, 1, 60, 2805, 10251, 276.43, 100, 20358, 0x0000000000000000
2026/08/29 10:20:23.022, 0, 51, 2805, 10501, 114.56, 0, 237, 0x0000000000000000
2026/08/29 10:20:23.025, 1, 52, 2820, 10501, 101.35, 100, 18, 0x0000000000000000
2026/08/29 10:21:23.053, 0, 56, 2805, 10251, 275.05, 100, 16977, 0x0000000000000000
2026/08/29 10:21:23.056, 1, 56, 2820, 10251, 261.19, 100, 16758, 0x0000000000000000
2026/08/29 10:22:23.084, 0, 59, 2805, 10251, 296.76, 100, 16977, 0x0000000000000000
2026/08/29 10:22:23.088, 1, 62, 2805, 10251, 281.81, 100, 16758, 0x0000000000000000
2026/08/29 10:23:23.115, 0, 60, 2805, 10251, 293.45, 100, 16977, 0x0000000000000000
2026/08/29 10:23:23.118, 1, 64, 2805, 10251, 277.45, 100, 16758, 0x0000000000000000
2026/08/29 10:24:23.144, 0, 48, 210, 405, 43.66, 0, 237, 0x0000000000000001
2026/08/29 10:24:23.146, 1, 47, 210, 405, 19.15, 0, 18, 0x0000000000000001
2026/08/29 10:25:23.175, 0, 57, 2805, 10251, 277.48, 100, 20577, 0x0000000000000000
2026/08/29 10:25:23.180, 1, 59, 2820, 10251, 263.30, 100, 20358, 0x0000000000000000
2026/08/29 10:26:23.210, 0, 57, 2805, 10251, 285.38, 100, 20577, 0x0000000000000000
2026/08/29 10:26:23.215, 1, 59, 2805, 10251, 270.11, 100, 20358, 0x0000000000000000
2026/08/29 10:27:23.244, 0, 59, 2805, 10251, 287.46, 100, 20597, 0x0000000000000000
2026/08/29 10:27:23.247, 1, 62, 2805, 10251, 272.14, 100, 20378, 0x0000000000000000
2026/08/29 10:28:23.274, 0, 54, 2805, 10251, 278.28, 100, 16977, 0x0000000000000000
2026/08/29 10:28:23.279, 1, 55, 2820, 10251, 262.73, 100, 16758, 0x0000000000000000
2026/08/29 10:29:23.309, 0, 57, 2805, 10251, 285.29, 100, 16977, 0x0000000000000000
2026/08/29 10:29:23.312, 1, 59, 2820, 10251, 270.75, 100, 16758, 0x0000000000000000
2026/08/29 10:30:23.340, 0, 60, 2805, 10251, 294.12, 100, 16977, 0x0000000000000000
2026/08/29 10:30:23.344, 1, 63, 2805, 10251, 278.17, 100, 16758, 0x0000000000000000
2026/08/29 10:31:23.370, 0, 59, 2805, 10251, 292.80, 100, 16977, 0x0000000000000000
2026/08/29 10:31:23.375, 1, 60, 2805, 10251, 278.38, 100, 16758, 0x0000000000000000
2026/08/29 10:32:23.404, 0, 54, 2805, 10251, 275.55, 100, 20577, 0x0000000000000000
2026/08/29 10:32:23.409, 1, 56, 2805, 10251, 262.53, 100, 20358, 0x0000000000000000
2026/08/29 10:33:23.440, 0, 59, 2805, 10251, 287.56, 100, 20577, 0x0000000000000000
2026/08/29 10:33:23.444, 1, 62, 2805, 10251, 271.92, 100, 20358, 0x0000000000000000
2026/08/29 10:34:23.476, 0, 59, 2805, 10251, 297.10, 100, 20597, 0x0000000000000000
2026/08/29 10:34:23.480, 1, 60, 2805, 10251, 282.40, 100, 20378, 0x0000000000000000
2026/08/29 10:35:23.514, 0, 52, 2805, 10251, 199.34, 53, 15879, 0x0000000000000000
2026/08/29 10:35:23.517, 1, 53, 2820, 10251, 185.11, 69, 15660, 0x0000000000000000
2026/08/29 10:36:23.544, 0, 57, 2805, 10251, 285.78, 100, 16977, 0x0000000000000000
2026/08/29 10:36:23.549, 1, 58, 2820, 10251, 271.65, 100, 16758, 0x0000000000000000
2026/08/29 10:37:23.578, 0, 61, 2790, 10251, 292.98, 100, 16977, 0x0000000000000000
2026/08/29 10:37:23.581, 1, 63, 2805, 10251, 277.51, 100, 16758, 0x0000000000000000
2026/08/29 10:38:23.607, 0, 60, 2790, 10251, 289.69, 100, 16977, 0x0000000000000000
2026/08/29 10:38:23.611, 1, 63, 2805, 10251, 276.22, 100, 16758, 0x0000000000000000
2026/08/29 10:39:23.648, 0, 47, 2625, 10251, 80.80, 0, 20557, 0x0000000000000000
2026/08/29 10:39:23.656, 1, 47, 2610, 10251, 54.06, 0, 20338, 0x0000000000000000
2026/08/29 10:40:23.687, 0, 57, 2805, 10251, 279.55, 100, 20577, 0x0000000000000000
2026/08/29 10:40:23.692, 1, 59, 2820, 10251, 265.85, 100, 20358, 0x0000000000000000
2026/08/29 10:41:23.721, 0, 58, 2790, 10251, 282.86, 100, 20577, 0x0000000000000000
2026/08/29 10:41:23.725, 1, 60, 2805, 10251, 268.07, 100, 20358, 0x0000000000000000
2026/08/29 10:42:23.757, 0, 49, 210, 405, 41.72, 0, 237, 0x0000000000000001
2026/08/29 10:42:23.760, 1, 47, 210, 405, 18.95, 0, 18, 0x0000000000000001
2026/08/29 10:43:23.786, 0, 59, 2805, 10251, 287.52, 100, 16977, 0x0000000000000000
2026/08/29 10:43:23.791, 1, 60, 2820, 10251, 273.04, 100, 16758, 0x0000000000000000
2026/08/29 10:44:23.822, 0, 60, 2805, 10251, 294.22, 100, 16977, 0x0000000000000000
2026/08/29 10:44:23.826, 1, 63, 2805, 10251, 276.12, 100, 16758, 0x0000000000000000
2026/08/29 10:45:23.855, 0, 61, 2805, 10251, 295.00, 100, 16977, 0x0000000000000000
2026/08/29 10:45:23.858, 1, 61, 2805, 10251, 277.52, 100, 16758, 0x0000000000000000
2026/08/29 10:46:23.886, 0, 47, 210, 405, 40.79, 0, 237, 0x0000000000000001
2026/08/29 10:46:23.889, 1, 45, 210, 405, 18.39, 0, 18, 0x0000000000000001
2026/08/29 10:47:23.917, 0, 50, 2805, 10251, 210.18, 100, 20577, 0x0000000000000000
2026/08/29 10:47:23.922, 1, 51, 2820, 10251, 202.45, 0, 20358, 0x0000000000000000
2026/08/29 10:48:23.955, 0, 60, 2790, 10251, 282.06, 100, 20577, 0x0000000000000000
2026/08/29 10:48:23.959, 1, 60, 2805, 10251, 268.18, 100, 20358, 0x0000000000000000
2026/08/29 10:49:23.987, 0, 61, 2805, 10251, 291.02, 100, 20597, 0x0000000000000000
2026/08/29 10:49:23.992, 1, 64, 2805, 10251, 273.24, 100, 20378, 0x0000000000000000
2026/08/29 10:50:24.021, 0, 55, 2805, 10251, 286.22, 100, 16977, 0x0000000000000000
2026/08/29 10:50:24.025, 1, 57, 2805, 10251, 270.32, 100, 16758, 0x0000000000000000
2026/08/29 10:51:24.050, 0, 59, 2790, 10251, 297.64, 100, 16977, 0x0000000000000000
2026/08/29 10:51:24.053, 1, 61, 2805, 10251, 282.67, 100, 16758, 0x0000000000000000
2026/08/29 10:52:24.080, 0, 58, 2790, 10251, 293.30, 100, 16977, 0x0000000000000000
2026/08/29 10:52:24.084, 1, 64, 2805, 10251, 276.06, 100, 16758, 0x0000000000000000
